{
    "Madison, Wisconsin, United States": [
        43.074761,
        -89.3837613
    ],
    "San Diego, California, United States": [
        32.7174202,
        -117.162772
    ],
    "Portland, Oregon, United States": [
        45.5202471,
        -122.674194
    ],
    "London, England, United Kingdom": [
        51.5074456,
        -0.1277653
    ],
    "Miami, Florida, United States": [
        25.7741728,
        -80.19362
    ],
    "Redmond, Washington, United States": [
        47.6694141,
        -122.1238767
    ],
    "mexico city, Ciudad de M\u00e9xico, M\u00e9xico": [
        19.3207722,
        -99.1514678
    ],
    "Seaside, Oregon, United States": [
        45.993246,
        -123.920213
    ],
    "Fond du Lac, Wisconsin, United States": [
        43.7731217,
        -88.4417538
    ],
    "Mission Viejo, California, United States": [
        33.612472,
        -117.6425884
    ],
    "maui, Hawaii, United States of America": [
        20.8029568,
        -156.3106833
    ]
}